resource,dependency,drift_oracle,update_mode,safety_limit,live_result
user,,nickname,in_place,write_only_password_not_testable,implemented_not_run
public_account,,name,in_place,separate_identity_from_user,not_run
group,,name,in_place,type_code_replacement;type_enum_unverified,implemented_not_run
department,organization,name,in_place,parent_id_and_identity_require_care,not_run
organization,,organization_name,in_place,delete_cascades_tree;children_must_be_absent,not_run
post,,name,in_place,code_identity_change_not_safe,not_run
namespace,,name,in_place,delete_dependents_first,implemented_not_run
role,namespace,description,in_place,role_name_not_read_back,not_run
resource,namespace,description,in_place,actions_not_read_back,not_run
data_policy,namespace+resource,policy_name,in_place,statement_list_not_read_back,not_run
invitation_policy,,name,in_place,roster_must_be_removed_first,not_run
invitation_roster,invitation_policy,name,in_place,invitees_must_be_removed_first,not_run
invitation_invitee,invitation_roster,name,in_place,never_send_invitation;paginated_read,not_run
data_policy_assignment,data_policy+user,revocation,relation,check_full_target_list,not_run
tenant_membership,tenant+user,detachment,relation,pin_member_id;user_must_survive,not_run
tenant_organization,tenant,organization_name,in_place,delete_cascades_tree;children_must_be_absent,not_run
custom_domain,controlled_domain,none,replacement_only,singleton_requires_domain_ownership;no_safe_writable_drift,not_run
tenant_admin,tenant_membership,revocation,relation,never_use_sole_admin;membership_must_survive,not_run
role_assignment,role+user,revocation,relation,verify_direct_member_list;not_inherited_roles,not_run
group_member,group+user,removal,relation,verify_complete_group_list;user_must_survive,not_run
department_member,department+user,removal,relation,verify_complete_member_list;user_must_survive,not_run
application,,app_name,in_place,separate_strategy_write;orphan_risk,implemented_not_run
ext_idp,,name,in_place,avoid_external_connection_credentials,not_run
webhook,,name,in_place,disable_delivery;events_not_read_back,implemented_not_run
pipeline_function,,func_name,in_place,trigger_may_execute_code;source_not_read_back,not_run
auth_flow_function,,func_name,in_place,disable_trigger;source_sensitive_in_state,not_run
data_resource,namespace,resource_name,in_place,extensions_must_be_absent;delete_cascades,not_run
tenant,,name,in_place,app_ids_exclusive;disposable_only,not_run
data_object,,name,in_place,delete_cascades_data;show_field_key_not_read_back,not_run
data_object_field,data_object,external_deletion,replacement_only,all_fields_force_new;avoid_data_loss,not_run
